"Year  ","Centre Core Health ","States Core Health ","Centre % GDP (Core Health)","States % GDP (Core Health)","Total % GDP  (Core Health)","Centre % GDP (Broad Health)","States % GDP (Broad Health)","Total % GDP (Broad Health)"
"X Plan","47076.89769999999","107046.13","0.2863651444861496","0.6511533678255345","0.9375185123116839","0.5623228765024496","1.179751287526693","1.742074164029142"
"2007-08","16055.4","30535.91","0.3219392471361054","0.6122991564218813","0.9342384035579866","0.7148402775967548","1.173521231820561","1.888361509417315"
"2008-09","19604.36","36346.2","0.3482085369204572","0.6455735930486035","0.9937821299690607","0.7545708130772799","1.224140298252435","1.978711111329715"
"2009-10","25651.7268","44747.9","0.3972483891229717","0.6929760062638679","1.09022439538684","0.7811907543525581","1.239124644281433","2.020315398633991"
"2010-11","27465.63","55955.34","0.3578981015221495","0.7291407463082547","1.087038847830404","0.7493575834086078","1.27451347042043","2.023871053829038"
"2011-12","30586.842","62342.63","0.3432027341461611","0.6995217443455748","1.042724478491736","0.7428460649185795","1.194214344213688","1.937060409132267"
